CBOE S&P 500 PutWrite Index      PUTSM,,
CBOE data is compiled for the convenience of site visitors and is furnished without responsibility for accuracy and is accepted by the site visitor on the condition that transmission or omissions shall not be made the basis for any claim demand or cause for action.  Your use of CBOE data is subject to the Terms and Conditions of CBOE's Websites.,,
,,"Past performance does not guarantee future results.  Supporting documentation for claims, comparisons, recommendations, statistics or other technical data is available by calling 1-888-OPTIONS, sending an e-mail to help@cboe.com, or by visiting www.cboe.c"
,,"Like many passive indexes, the PUT Index does not take into account significant factors such as transaction costs and taxes and, because of factors such as these, many or most investors should be expected to underperform passive indexes"
,,Please see important disclosures at this website www.cboe.com/PUT
,,
,Daily Closing Prices,
1/3/2007,923.6,
1/4/2007,925.1,
1/5/2007,921.33,
1/8/2007,924.05,
1/9/2007,923.72,
1/10/2007,925.29,
1/11/2007,929.75,
1/12/2007,932.79,
1/16/2007,933.97,
1/17/2007,934.33,
1/18/2007,933.7,
1/19/2007,936.08,
1/22/2007,934.55,
1/23/2007,936.4,
1/24/2007,939.68,
1/25/2007,935.14,
1/26/2007,935.17,
1/29/2007,934.97,
1/30/2007,937.85,
1/31/2007,941.03,
2/1/2007,942.69,
2/2/2007,943.65,
2/5/2007,944.04,
2/6/2007,944.6,
2/7/2007,945.23,
2/8/2007,945.43,
2/9/2007,944.3,
2/12/2007,944.03,
2/13/2007,946.66,
2/14/2007,947.32,
2/15/2007,947.69,
2/16/2007,948.2,
2/20/2007,950.06,
2/21/2007,949.93,
2/22/2007,949.93,
2/23/2007,949.01,
2/26/2007,949.05,
2/27/2007,921.6,
2/28/2007,928.29,
3/1/2007,926.27,
3/2/2007,916.09,
3/5/2007,908.42,
3/6/2007,922.05,
3/7/2007,919.94,
3/8/2007,926.82,
3/9/2007,927.29,
3/12/2007,930.34,
3/13/2007,911.32,
3/14/2007,917.61,
3/15/2007,920.59,
3/16/2007,920.64,
3/19/2007,926.08,
3/20/2007,929.22,
3/21/2007,933.28,
3/22/2007,933.18,
3/23/2007,933.51,
3/26/2007,934.42,
3/27/2007,933.74,
3/28/2007,931.47,
3/29/2007,932.27,
3/30/2007,932.75,
4/2/2007,934.56,
4/3/2007,936.39,
4/4/2007,937.13,
4/5/2007,937.74,
4/9/2007,938.49,
4/10/2007,938.96,
4/11/2007,938.92,
4/12/2007,939.41,
4/13/2007,939.66,
4/16/2007,940.19,
4/17/2007,940.39,
4/18/2007,940.59,
4/19/2007,940.79,
4/20/2007,941.75,
4/23/2007,941.51,
4/24/2007,941.54,
4/25/2007,944.48,
4/26/2007,945.16,
4/27/2007,945.75,
4/30/2007,942.96,
5/1/2007,944.51,
5/2/2007,947.13,
5/3/2007,948.49,
5/4/2007,949.33,
5/7/2007,950.47,
5/8/2007,950.71,
5/9/2007,951.68,
5/10/2007,949.49,
5/11/2007,952.14,
5/14/2007,952.41,
5/15/2007,952.87,
5/16/2007,953.88,
5/17/2007,954.22,
5/18/2007,955.42,
5/21/2007,956.54,
5/22/2007,956.76,
5/23/2007,956.6,
5/24/2007,952.51,
5/25/2007,956.15,
5/29/2007,957.71,
5/30/2007,960.94,
5/31/2007,961.1,
6/1/2007,962.56,
6/4/2007,963.58,
6/5/2007,962.98,
6/6/2007,960.16,
6/7/2007,949.94,
6/8/2007,958.31,
6/11/2007,960.13,
6/12/2007,953.01,
6/13/2007,963.69,
6/14/2007,966.96,
6/15/2007,966.63,
6/18/2007,966.47,
6/19/2007,966.21,
6/20/2007,960.7,
6/21/2007,965.06,
6/22/2007,956.91,
6/25/2007,955.05,
6/26/2007,952.23,
6/27/2007,960.7,
6/28/2007,960.44,
6/29/2007,958.9,
7/2/2007,967.63,
7/3/2007,970.26,
7/4/2007,970.26,
7/5/2007,971.1,
7/6/2007,973.51,
7/9/2007,974.82,
7/10/2007,965.39,
7/11/2007,970.08,
7/12/2007,979.35,
7/13/2007,981.11,
7/16/2007,981.95,
7/17/2007,982.83,
7/18/2007,982.99,
7/19/2007,984.42,
7/20/2007,983.3,
7/23/2007,986.76,
7/24/2007,976.16,
7/25/2007,979.3,
7/26/2007,963.12,
7/27/2007,947.86,
7/30/2007,958.17,
7/31/2007,946.16,
8/1/2007,953.99,
8/2/2007,958.63,
8/3/2007,932.86,
8/6/2007,956.09,
8/7/2007,961.63,
8/8/2007,974.03,
8/9/2007,947.94,
8/10/2007,947.81,
8/13/2007,948.01,
8/14/2007,930.07,
8/15/2007,917.41,
8/16/2007,922.44,
8/17/2007,949.43,
8/20/2007,953.51,
8/21/2007,955.56,
8/22/2007,960.54,
8/23/2007,961.63,
8/24/2007,965.41,
8/27/2007,964.2,
8/28/2007,955.48,
8/29/2007,963.58,
8/30/2007,962.27,
8/31/2007,965.43,
9/3/2007,965.42,
9/4/2007,970.67,
9/5/2007,967.75,
9/6/2007,969.98,
9/7/2007,965.75,
9/10/2007,966.67,
9/11/2007,971.58,
9/12/2007,972.3,
9/13/2007,973.7,
9/14/2007,975.04,
9/17/2007,975.2,
9/18/2007,977.86,
9/19/2007,978.08,
9/20/2007,978.23,
9/21/2007,977.99,
9/24/2007,976.37,
9/25/2007,977.88,
9/26/2007,981.05,
9/27/2007,983.12,
9/28/2007,981.45,
10/1/2007,987.52,
10/2/2007,987.29,
10/3/2007,986.84,
10/4/2007,987.92,
10/5/2007,991.49,
10/8/2007,991.83,
10/9/2007,994.12,
10/10/2007,993.96,
10/11/2007,992.53,
10/12/2007,994.79,
10/15/2007,994.15,
10/16/2007,993.83,
10/17/2007,995.45,
10/18/2007,996.53,
10/19/2007,988.27,
10/22/2007,992.95,
10/23/2007,998.53,
10/24/2007,997.52,
10/25/2007,995.95,
10/26/2007,1003.37,
10/29/2007,1005.33,
10/30/2007,1002.88,
10/31/2007,1008.83,
11/1/2007,996.07,
11/2/2007,998.7,
11/5/2007,997.09,
11/6/2007,1005.76,
11/7/2007,985.24,
11/8/2007,986.69,
11/9/2007,973.86,
11/12/2007,965.95,
11/13/2007,993.56,
11/14/2007,993.56,
11/15/2007,974.86,
11/16/2007,983.94,
11/19/2007,978.02,
11/20/2007,980.78,
11/21/2007,971.49,
11/23/2007,981.27,
11/26/2007,967.54,
11/27/2007,978.98,
11/28/2007,992.87,
11/29/2007,993.81,
11/30/2007,998.17,
12/3/2007,997.12,
12/4/2007,995.5,
12/5/2007,1001.55,
12/6/2007,1005.6,
12/7/2007,1005.69,
12/10/2007,1007.94,
12/11/2007,1002.71,
12/12/2007,1005.88,
12/13/2007,1007.13,
12/14/2007,1004.6,
12/17/2007,1000.89,
12/18/2007,1005.75,
12/19/2007,1007.45,
12/20/2007,1010.85,
12/21/2007,1014.83,
12/24/2007,1018.15,
12/26/2007,1019.46,
12/27/2007,1013.77,
12/28/2007,1013.9,
12/31/2007,1010.6,
1/2/2008,1003.51,
1/3/2008,1004.37,
1/4/2008,985.28,
1/7/2008,989.94,
1/8/2008,972.84,
1/9/2008,986.28,
1/10/2008,992.99,
1/11/2008,981.46,
1/14/2008,991.87,
1/15/2008,967.21,
1/16/2008,961.32,
1/17/2008,933.5,
1/18/2008,935.8,
1/22/2008,929.56,
1/23/2008,940.96,
1/24/2008,946.57,
1/25/2008,939.33,
1/28/2008,949.1,
1/29/2008,951.22,
1/30/2008,950.15,
1/31/2008,956.26,
2/1/2008,961.51,
2/4/2008,960.32,
2/5/2008,950.11,
2/6/2008,947.51,
2/7/2008,953.19,
2/8/2008,952.26,
2/11/2008,957.9,
2/12/2008,962.49,
2/13/2008,967.33,
2/14/2008,967.2,
2/15/2008,971.77,
2/19/2008,973.3,
2/20/2008,978.29,
2/21/2008,973.43,
2/22/2008,978.84,
2/25/2008,985.08,
2/26/2008,988.32,
2/27/2008,988.12,
2/28/2008,985.61,
2/29/2008,972.68,
3/3/2008,974.67,
3/4/2008,974.21,
3/5/2008,978.65,
3/6/2008,964.56,
3/7/2008,959.99,
3/10/2008,949.25,
3/11/2008,977.06,
3/12/2008,972.05,
3/13/2008,976,
3/14/2008,957.2,
3/17/2008,951.31,
3/18/2008,987.6,
3/19/2008,969.82,
3/20/2008,979.77,
3/24/2008,987.39,
3/25/2008,988.52,
3/26/2008,986.4,
3/27/2008,983.48,
3/28/2008,981.24,
3/31/2008,984.81,
4/1/2008,997.14,
4/2/2008,997.28,
4/3/2008,997.92,
4/4/2008,999.4,
4/7/2008,1000.55,
4/8/2008,1000.7,
4/9/2008,999.92,
4/10/2008,1001.38,
4/11/2008,997.63,
4/14/2008,998.67,
4/15/2008,1001.38,
4/16/2008,1003.84,
4/17/2008,1004.02,
4/18/2008,1003.85,
4/21/2008,1003.99,
4/22/2008,1000.12,
4/23/2008,1002.51,
4/24/2008,1006.02,
4/25/2008,1009.56,
4/28/2008,1010.23,
4/29/2008,1008.97,
4/30/2008,1007,
5/1/2008,1015.5,
5/2/2008,1017.82,
5/5/2008,1017.53,
5/6/2008,1020.18,
5/7/2008,1014.37,
5/8/2008,1017.21,
5/9/2008,1015.72,
5/12/2008,1021.35,
5/13/2008,1022.04,
5/14/2008,1023.29,
5/15/2008,1024.28,
5/16/2008,1028.45,
5/19/2008,1029.6801,
5/20/2008,1025.85,
5/21/2008,1016.5,
5/22/2008,1018.88,
5/23/2008,1009.94,
5/27/2008,1015.7,
5/28/2008,1019.23,
5/29/2008,1023.58,
5/30/2008,1024.7,
6/2/2008,1018.16,
6/3/2008,1013.92,
6/4/2008,1014.05,
6/5/2008,1028.75,
6/6/2008,1003.35,
6/9/2008,1006.06,
6/10/2008,1003.52,
6/11/2008,987.55,
6/12/2008,991.52,
6/13/2008,1005.93,
6/16/2008,1006.31,
6/17/2008,999.44,
6/18/2008,990.5,
6/19/2008,993.74,
6/20/2008,987.18,
6/23/2008,989.48,
6/24/2008,988.72,
6/25/2008,993.52,
6/26/2008,974.38,
6/27/2008,973.13,
6/30/2008,973.94,
7/1/2008,977.89,
7/2/2008,962.74,
7/3/2008,965.66,
7/7/2008,957.25,
7/8/2008,974.07,
7/9/2008,952.75,
7/10/2008,959.66,
7/11/2008,949.79,
7/14/2008,940.79,
7/15/2008,930.53,
7/16/2008,953.8,
7/17/2008,964.61,
7/18/2008,968.76,
7/21/2008,971.16,
7/22/2008,978.77,
7/23/2008,979.57,
7/24/2008,970.24,
7/25/2008,972.82,
7/28/2008,963.79,
7/29/2008,977.02,
7/30/2008,983.52,
7/31/2008,979.41,
8/1/2008,978.15,
8/4/2008,974.38,
8/5/2008,986.74,
8/6/2008,989.08,
8/7/2008,985.02,
8/8/2008,990.69,
8/11/2008,992.14,
8/12/2008,991.79,
8/13/2008,992,
8/14/2008,993.04,
8/15/2008,993.08,
8/18/2008,986.21,
8/19/2008,980.54,
8/20/2008,985.26,
8/21/2008,987.66,
8/22/2008,995.24,
8/25/2008,983.59,
8/26/2008,986.74,
8/27/2008,992.28,
8/28/2008,1000.05,
8/29/2008,993.16,
9/2/2008,991.12,
9/3/2008,991.25,
9/4/2008,966.37,
9/5/2008,971.04,
9/8/2008,988.03,
9/9/2008,958.63,
9/10/2008,964.05,
9/11/2008,978.07,
9/12/2008,979.06,
9/15/2008,939.46,
9/16/2008,951.51,
9/17/2008,907.19,
9/18/2008,940.87,
9/19/2008,1004.47,
9/22/2008,986.83,
9/23/2008,976.58,
9/24/2008,978.05,
9/25/2008,992.59,
9/26/2008,992.22,
9/29/2008,936.1,
9/30/2008,967.47,
10/1/2008,962.67,
10/2/2008,928.89,
10/3/2008,920.81,
10/6/2008,888.73,
10/7/2008,835.1,
10/8/2008,824.69,
10/9/2008,768.38,
10/10/2008,758.05,
10/13/2008,845.87,
10/14/2008,836.71,
10/15/2008,758.3,
10/16/2008,792.35,
10/17/2008,768.78,
10/20/2008,795.84,
10/21/2008,786.94,
10/22/2008,754.97,
10/23/2008,761.31,
10/24/2008,737.96,
10/27/2008,726.72,
10/28/2008,779.69,
10/29/2008,768.8,
10/30/2008,785.93,
10/31/2008,796.71,
11/3/2008,801.49,
11/4/2008,815.01,
11/5/2008,799.41,
11/6/2008,773.78,
11/7/2008,791.87,
11/10/2008,788.69,
11/11/2008,777.59,
11/12/2008,746.1,
11/13/2008,788.45,
11/14/2008,761.37,
11/17/2008,745.32,
11/18/2008,753.99,
11/19/2008,711.67,
11/20/2008,663.89,
11/21/2008,690.8,
11/24/2008,706.6,
11/25/2008,711.14,
11/26/2008,717.58,
11/28/2008,718.7,
12/1/2008,703.93,
12/2/2008,713,
12/3/2008,717.98,
12/4/2008,714.27,
12/5/2008,720.95,
12/8/2008,723.56,
12/9/2008,723.71,
12/10/2008,725.17,
12/11/2008,725.15,
12/12/2008,725.57,
12/15/2008,725.91,
12/16/2008,726.45,
12/17/2008,726.72,
12/18/2008,726.72,
12/19/2008,722.11,
12/22/2008,716.82,
12/23/2008,712.76,
12/24/2008,716.27,
12/26/2008,720.42,
12/29/2008,720.59,
12/30/2008,732.65,
12/31/2008,740.1,
1/2/2009,750.09,
1/5/2009,749.92,
1/6/2009,753.05,
1/7/2009,744.8,
1/8/2009,747.97,
1/9/2009,742.35,
1/12/2009,731.6,
1/13/2009,734.4,
1/14/2009,713.49,
1/15/2009,714.55,
1/16/2009,730.49,
1/20/2009,705.99,
1/21/2009,729.68,
1/22/2009,725.13,
1/23/2009,728,
1/26/2009,732.68,
1/27/2009,738.91,
1/28/2009,750.05,
1/29/2009,739.27,
1/30/2009,730.32,
2/2/2009,731.41,
2/3/2009,739.91,
2/4/2009,738.28,
2/5/2009,744.23,
2/6/2009,752.14,
2/9/2009,754.78,
2/10/2009,737.96,
2/11/2009,743.74,
2/12/2009,747.37,
2/13/2009,742.78,
2/17/2009,715.83,
2/18/2009,715.38,
2/19/2009,708.38,
2/20/2009,701.07,
2/23/2009,688.11,
2/24/2009,706.14,
2/25/2009,704.17,
2/26/2009,699.28,
2/27/2009,690.06,
3/2/2009,665.95,
3/3/2009,663.65,
3/4/2009,678.07,
3/5/2009,653,
3/6/2009,653.96,
3/9/2009,647.73,
3/10/2009,684.74,
3/11/2009,688.49,
3/12/2009,710.6,
3/13/2009,715.12,
3/16/2009,715.33,
3/17/2009,728.6,
3/18/2009,732.62,
3/19/2009,733.85,
3/20/2009,726.13,
3/23/2009,750.76,
3/24/2009,745.96,
3/25/2009,750.33,
3/26/2009,756.02,
3/27/2009,752.11,
3/30/2009,742.46,
3/31/2009,747.71,
4/1/2009,753.65,
4/2/2009,759.54,
4/3/2009,763.57,
4/6/2009,764.18,
4/7/2009,761.53,
4/8/2009,764.97,
4/9/2009,768.65,
4/13/2009,768.87,
4/14/2009,768.93,
4/15/2009,769.45,
4/16/2009,769.72,
4/17/2009,771.29,
4/20/2009,752.51,
4/21/2009,763.12,
4/22/2009,760.72,
4/23/2009,765.63,
4/24/2009,771.93,
4/27/2009,769.63,
4/28/2009,769.22,
4/29/2009,778.44,
4/30/2009,779.37,
5/1/2009,781.88,
5/4/2009,790.23,
5/5/2009,790.7,
5/6/2009,793.34,
5/7/2009,792.28,
5/8/2009,794.88,
5/11/2009,794.34,
5/12/2009,795.32,
5/13/2009,793.91,
5/14/2009,795.84,
5/15/2009,792.05,
5/18/2009,805.99,
5/19/2009,807.1,
5/20/2009,805.81,
5/21/2009,798.89,
5/22/2009,798.67,
5/26/2009,809.78,
5/27/2009,803.33,
5/28/2009,809.09,
5/29/2009,815.4,
6/1/2009,819.73,
6/2/2009,820.43,
6/3/2009,818.81,
6/4/2009,821.18,
6/5/2009,821.79,
6/8/2009,822.73,
6/9/2009,824.01,
6/10/2009,824.13,
6/11/2009,824.62,
6/12/2009,825.02,
6/15/2009,823.8,
6/16/2009,822.9,
6/17/2009,824.29,
6/18/2009,825.92,
6/19/2009,824.95,
6/22/2009,809.3,
6/23/2009,810.91,
6/24/2009,816.2,
6/25/2009,827.96,
6/26/2009,828.1,
6/29/2009,833.58,
6/30/2009,831.1,
7/1/2009,832.99,
7/2/2009,818.38,
7/6/2009,820.05,
7/7/2009,806.09,
7/8/2009,806.32,
7/9/2009,808.35,
7/10/2009,806.29,
7/13/2009,824.9,
7/14/2009,830.37,
7/15/2009,846.27,
7/16/2009,849.15,
7/17/2009,851.31,
7/20/2009,856.38,
7/21/2009,858.58,
7/22/2009,859.29,
7/23/2009,865,
7/24/2009,866.5,
7/27/2009,867.35,
7/28/2009,866.89,
7/29/2009,866.05,
7/30/2009,868.49,
7/31/2009,868.86,
8/3/2009,871.26,
8/4/2009,871.9,
8/5/2009,872.23,
8/6/2009,871.79,
8/7/2009,873.1,
8/10/2009,873.44,
8/11/2009,872.98,
8/12/2009,873.73,
8/13/2009,873.99,
8/14/2009,874.13,
8/17/2009,873.19,
8/18/2009,874.22,
8/19/2009,874.48,
8/20/2009,874.77,
8/21/2009,874.62,
8/24/2009,875.86,
8/25/2009,877.09,
8/26/2009,877.88,
8/27/2009,879.6,
8/28/2009,880.04,
8/31/2009,876.55,
9/1/2009,864.32,
9/2/2009,863.75,
9/3/2009,869.98,
9/4/2009,878.8,
9/8/2009,883.94,
9/9/2009,887.76,
9/10/2009,890.88,
9/11/2009,891.01,
9/14/2009,892.67,
9/15/2009,893.53,
9/16/2009,893.9,
9/17/2009,894.13,
9/18/2009,894.97,
9/21/2009,895.41,
9/22/2009,898.77,
9/23/2009,895.25,
9/24/2009,889.84,
9/25/2009,887.35,
9/28/2009,897.33,
9/29/2009,896.65,
9/30/2009,894.59,
10/1/2009,878.9,
10/2/2009,876.67,
10/5/2009,888.89,
10/6/2009,898.14,
10/7/2009,900.64,
10/8/2009,905.16,
10/9/2009,909.29,
10/12/2009,911.07,
10/13/2009,911.37,
10/14/2009,915.03,
10/15/2009,915.88,
10/16/2009,918.25,
10/19/2009,922.69,
10/20/2009,921.13,
10/21/2009,917.27,
10/22/2009,923.05,
10/23/2009,917.67,
10/26/2009,911.59,
10/27/2009,909.82,
10/28/2009,896.95,
10/29/2009,912.21,
10/30/2009,892.92,
11/2/2009,898.02,
11/3/2009,900.98,
11/4/2009,902.37,
11/5/2009,916.07,
11/6/2009,919.33,
11/9/2009,930,
11/10/2009,931.09,
11/11/2009,933.35,
11/12/2009,930.27,
11/13/2009,933.66,
11/16/2009,937.33,
11/17/2009,938.05,
11/18/2009,938.42,
11/19/2009,938.6,
11/20/2009,941.51,
11/23/2009,947.92,
11/24/2009,949.16,
11/25/2009,950.53,
11/27/2009,941.73,
11/30/2009,945.58,
12/1/2009,951.33,
12/2/2009,952.44,
12/3/2009,949.87,
12/4/2009,952.66,
12/7/2009,953.1,
12/8/2009,949.87,
12/9/2009,951.95,
12/10/2009,954.56,
12/11/2009,956.64,
12/14/2009,958.39,
12/15/2009,958.06,
12/16/2009,959.1,
12/17/2009,958.7,
12/18/2009,964,
12/21/2009,969.6,
12/22/2009,971.8,
12/23/2009,972.6,
12/24/2009,974.44,
12/28/2009,975.52,
12/29/2009,975.65,
12/30/2009,975.79,
12/31/2009,973.28,
1/4/2010,978.21,
1/5/2010,979.31,
1/6/2010,979.64,
1/7/2010,979.91,
1/8/2010,980.72,
1/11/2010,980.92,
1/12/2010,980.74,
1/13/2010,980.99,
1/14/2010,981.26,
1/15/2010,981.66,
1/19/2010,988.46,
1/20/2010,983.96,
1/21/2010,972.09,
1/22/2010,954.34,
1/25/2010,960.21,
1/26/2010,957.26,
1/27/2010,961.5,
1/28/2010,952.58,
1/29/2010,943.67,
2/1/2010,957.08,
2/2/2010,968.21,
2/3/2010,964.54,
2/4/2010,935.77,
2/5/2010,939.03,
2/8/2010,930.87,
2/9/2010,943.49,
2/10/2010,941.38,
2/11/2010,951,
2/12/2010,950.42,
2/16/2010,965.74,
2/17/2010,970.51,
2/18/2010,976.38,
2/19/2010,972.2,
2/22/2010,973.2,
2/23/2010,966.26,
2/24/2010,972.04,
2/25/2010,972.49,
2/26/2010,973.48,
3/1/2010,978.95,
3/2/2010,980.57,
3/3/2010,981.2,
3/4/2010,982.99,
3/5/2010,987.03,
3/8/2010,987.71,
3/9/2010,988.38,
3/10/2010,988.65,
3/11/2010,989.24,
3/12/2010,989.38,
3/15/2010,989.65,
3/16/2010,989.79,
3/17/2010,990.04,
3/18/2010,990.13,
3/19/2010,991.27,
3/22/2010,995.41,
3/23/2010,998.68,
3/24/2010,997.03,
3/25/2010,994.94,
3/26/2010,996.42,
3/29/2010,999.82,
3/30/2010,1000.48,
3/31/2010,999.48,
4/1/2010,1002.13,
4/5/2010,1005.23,
4/6/2010,1006.1,
4/7/2010,1005.37,
4/8/2010,1006.54,
4/9/2010,1007.24,
4/12/2010,1007.66,
4/13/2010,1007.93,
4/14/2010,1008.28,
4/15/2010,1008.32,
4/16/2010,1010,
4/19/2010,1013.71,
4/20/2010,1018.72,
4/21/2010,1017.95,
4/22/2010,1019.38,
4/23/2010,1021.41,
4/26/2010,1020.16,
4/27/2010,1005.06,
4/28/2010,1011.71,
4/29/2010,1019.27,
4/30/2010,1009.17,
5/3/2010,1018.2,
5/4/2010,1003.06,
5/5/2010,998.79,
5/6/2010,968.98,
5/7/2010,955.69,
5/10/2010,995.78,
5/11/2010,993.37,
5/12/2010,1006.01,
5/13/2010,996.18,
5/14/2010,979.1,
5/17/2010,980.18,
5/18/2010,966.81,
5/19/2010,961.55,
5/20/2010,924.62,
5/21/2010,907.56,
5/24/2010,906.39,
5/25/2010,910.07,
5/26/2010,908.5,
5/27/2010,923.17,
5/28/2010,917.7,
6/1/2010,910.54,
6/2/2010,924.64,
6/3/2010,926.66,
6/4/2010,911.47,
6/7/2010,906.75,
6/8/2010,914.81,
6/9/2010,912.58,
6/10/2010,927.61,
6/11/2010,931.25,
6/14/2010,932.31,
6/15/2010,936.39,
6/16/2010,936.88,
6/17/2010,937.12,
6/18/2010,941.25,
6/21/2010,935.39,
6/22/2010,926.26,
6/23/2010,924.94,
6/24/2010,912.9,
6/25/2010,917.62,
6/28/2010,915.66,
6/29/2010,890.04,
6/30/2010,880.91,
7/1/2010,879.08,
7/2/2010,874.75,
7/6/2010,879.95,
7/7/2010,907.51,
7/8/2010,916.39,
7/9/2010,923.07,
7/12/2010,924.03,
7/13/2010,937.15,
7/14/2010,937.92,
7/15/2010,939.17,
7/16/2010,932.43,
7/19/2010,937.12,
7/20/2010,943.64,
7/21/2010,937.13,
7/22/2010,947.47,
7/23/2010,951.51,
7/26/2010,955.57,
7/27/2010,955.71,
7/28/2010,953.91,
7/29/2010,953.74,
7/30/2010,954.37,
8/2/2010,960.99,
8/3/2010,960.14,
8/4/2010,961.67,
8/5/2010,961.63,
8/6/2010,962.22,
8/9/2010,963.44,
8/10/2010,962.86,
8/11/2010,956.76,
8/12/2010,955.64,
8/13/2010,955.28,
8/16/2010,957.99,
8/17/2010,963.5,
8/18/2010,964.29,
8/19/2010,962.27,
8/20/2010,966.69,
8/23/2010,967.12,
8/24/2010,959.55,
8/25/2010,961.7,
8/26/2010,957.98,
8/27/2010,969,
8/30/2010,961.39,
8/31/2010,961.58,
9/1/2010,977.52,
9/2/2010,981.29,
9/3/2010,985.9,
9/7/2010,984.1,
9/8/2010,985.96,
9/9/2010,987.41,
9/10/2010,988.41,
9/13/2010,989.21,
9/14/2010,989.26,
9/15/2010,989.45,
9/16/2010,989.64,
9/17/2010,990.18,
9/20/2010,997.74,
9/21/2010,996.31,
9/22/2010,994.88,
9/23/2010,990.83,
9/24/2010,1000.73,
9/27/2010,999.75,
9/28/2010,1002.05,
9/29/2010,1001.29,
9/30/2010,1000.66,
10/1/2010,1003.5,
10/4/2010,1001.53,
10/5/2010,1008.01,
10/6/2010,1008.65,
10/7/2010,1008.67,
10/8/2010,1010,
10/11/2010,1010.65,
10/12/2010,1010.92,
10/13/2010,1011.31,
10/14/2010,1011.53,
10/15/2010,1012.78,
10/18/2010,1017.52,
10/19/2010,1009.44,
10/20/2010,1015.54,
10/21/2010,1016.96,
10/22/2010,1018.73,
10/25/2010,1019.81,
10/26/2010,1019.85,
10/27/2010,1019.15,
10/28/2010,1019.73,
10/29/2010,1020,
11/1/2010,1020.28,
11/2/2010,1023.47,
11/3/2010,1026.87,
11/4/2010,1031.48,
11/5/2010,1032.7,
11/8/2010,1033.11,
11/9/2010,1032.01,
11/10/2010,1033.05,
11/11/2010,1033.01,
11/12/2010,1030.76,
11/15/2010,1032.23,
11/16/2010,1028.5601,
11/17/2010,1031.09,
11/18/2010,1034.28,
11/19/2010,1036.38,
11/22/2010,1036.5699,
11/23/2010,1028.3101,
11/24/2010,1036.58,
11/26/2010,1029.2,
11/29/2010,1032.97,
11/30/2010,1028.51,
12/1/2010,1040.27,
12/2/2010,1045.3101,
12/3/2010,1047.53,
12/6/2010,1048.16,
12/7/2010,1048.51,
12/8/2010,1049.5601,
12/9/2010,1050.47,
12/10/2010,1050.87,
12/13/2010,1051.17,
12/14/2010,1051.24,
12/15/2010,1051.33,
12/16/2010,1051.55,
12/17/2010,1053.08,
12/20/2010,1055.12,
12/21/2010,1057.29,
12/22/2010,1059.49,
12/23/2010,1058.85,
12/27/2010,1059.47,
12/28/2010,1060.29,
12/29/2010,1061.2,
12/30/2010,1060.73,
12/31/2010,1061.04,
1/3/2011,1064.63,
1/4/2011,1065.03,
1/5/2011,1066.84,
1/6/2011,1066.46,
1/7/2011,1066.55,
1/10/2011,1067.38,
1/11/2011,1068.51,
1/12/2011,1069.55,
1/13/2011,1069.8101,
1/14/2011,1070.03,
1/18/2011,1070.33,
1/19/2011,1070.2,
1/20/2011,1070.48,
1/21/2011,1070.21,
1/24/2011,1074.25,
1/25/2011,1074.85,
1/26/2011,1078.12,
1/27/2011,1079.14,
1/28/2011,1068.29,
1/31/2011,1073.3101,
2/1/2011,1081.7,
2/2/2011,1081.41,
2/3/2011,1082.98,
2/4/2011,1084.6801,
2/7/2011,1086.13,
2/8/2011,1087.39,
2/9/2011,1087.14,
2/10/2011,1087.65,
2/11/2011,1088.25,
2/14/2011,1088.64,
2/15/2011,1088.65,
2/16/2011,1088.86,
2/17/2011,1089.16,
2/18/2011,1088.83,
2/22/2011,1074.01,
2/23/2011,1069.5601,
2/24/2011,1069.8101,
2/25/2011,1079.46,
2/28/2011,1084.5699,
3/1/2011,1071.02,
3/2/2011,1073.21,
3/3/2011,1087.34,
3/4/2011,1082.4,
3/7/2011,1076.02,
3/8/2011,1083.9,
3/9/2011,1083.3199,
3/10/2011,1065.77,
3/11/2011,1073.65,
3/14/2011,1067.9301,
3/15/2011,1056.0699,
3/16/2011,1035.92,
3/17/2011,1049.23,
3/18/2011,1058.95,
3/21/2011,1069.78,
3/22/2011,1069.15,
3/23/2011,1071.5699,
3/24/2011,1075.92,
3/25/2011,1077.41,
3/28/2011,1076.4399,
3/29/2011,1079.7,
3/30/2011,1081.9,
3/31/2011,1082.03,
4/1/2011,1083.28,
4/4/2011,1083.71,
4/5/2011,1084.6,
4/6/2011,1085.15,
4/7/2011,1084.9,
4/8/2011,1084.65,
4/11/2011,1085.29,
4/12/2011,1085,
4/13/2011,1085.83,
4/14/2011,1086.09,
4/15/2011,1086.66,
4/18/2011,1081.04,
4/19/2011,1085.5,
4/20/2011,1091.63,
4/21/2011,1094.5699,
4/25/2011,1094.42,
4/26/2011,1096.98,
4/27/2011,1098.75,
4/28/2011,1100.3,
4/29/2011,1100.52,
5/2/2011,1100.4399,
5/3/2011,1099.8101,
5/4/2011,1098.64,
5/5/2011,1095.12,
5/6/2011,1096.71,
5/9/2011,1099.87,
5/10/2011,1102.29,
5/11/2011,1100.17,
5/12/2011,1102.0601,
5/13/2011,1100.6,
5/16/2011,1099.9301,
5/17/2011,1101.03,
5/18/2011,1103.59,
5/19/2011,1104.1,
5/20/2011,1102.88,
5/23/2011,1096.4,
5/24/2011,1096.7,
5/25/2011,1099.65,
5/26/2011,1103.48,
5/27/2011,1106.1801,
5/31/2011,1111.83,
6/1/2011,1098.52,
6/2/2011,1097.72,
6/3/2011,1090.61,
6/6/2011,1081.09,
6/7/2011,1080.55,
6/8/2011,1076.55,
6/9/2011,1084.55,
6/10/2011,1069.6,
6/13/2011,1070.83,
6/14/2011,1084.6801,
6/15/2011,1065.02,
6/16/2011,1067.59,
6/17/2011,1075.4399,
6/20/2011,1080.05,
6/21/2011,1086.5699,
6/22/2011,1085.02,
6/23/2011,1083.77,
6/24/2011,1077.13,
6/27/2011,1082.48,
6/28/2011,1089.6,
6/29/2011,1093.74,
6/30/2011,1096.54,
7/1/2011,1098.1801,
7/5/2011,1098.64,
7/6/2011,1098.66,
7/7/2011,1099.29,
7/8/2011,1099.29,
7/11/2011,1098.13,
7/12/2011,1098.2,
7/13/2011,1099.17,
7/14/2011,1099.51,
7/15/2011,1102.13,
7/18/2011,1097.83,
7/19/2011,1106.56,
7/20/2011,1106.52,
7/21/2011,1112.25,
7/22/2011,1113.11,
7/25/2011,1110.53,
7/26/2011,1109.33,
7/27/2011,1098.66,
7/28/2011,1096.94,
7/29/2011,1091.39,
8/1/2011,1092.3,
8/2/2011,1072.43,
8/3/2011,1078.84,
8/4/2011,1030.45,
8/5/2011,1029.5,
8/8/2011,962.66,
8/9/2011,1007.57,
8/10/2011,962.74,
8/11/2011,1006.02,
8/12/2011,1013.46,
8/15/2011,1035.15,
8/16/2011,1025.73,
8/17/2011,1026.72,
8/18/2011,982.37,
8/19/2011,961.95,
8/22/2011,964.73,
8/23/2011,983.39,
8/24/2011,989.67,
8/25/2011,979.68,
8/26/2011,989.94,
8/29/2011,1000.99,
8/30/2011,1002.41,
8/31/2011,1003.86,
9/1/2011,1002.85,
9/2/2011,997.19,
9/6/2011,995.11,
9/7/2011,1005.55,
9/8/2011,1004.44,
9/9/2011,993.96,
9/12/2011,1001.35,
9/13/2011,1007.67,
9/14/2011,1011.29,
9/15/2011,1012.33,
9/16/2011,1014.82,
9/19/2011,1011.47,
9/20/2011,1011.43,
9/21/2011,992.73,
9/22/2011,969.29,
9/23/2011,973.29,
9/26/2011,991.99,
9/27/2011,999.73,
9/28/2011,985.43,
9/29/2011,992.69,
9/30/2011,973.16,
10/3/2011,949.99,
10/4/2011,970.73,
10/5/2011,986.21,
10/6/2011,1001.13,
10/7/2011,997.08,
10/10/2011,1022.78,
10/11/2011,1025.26,
10/12/2011,1031.78,
10/13/2011,1032.39,
10/14/2011,1040.61,
10/17/2011,1033.31,
10/18/2011,1042.35,
10/19/2011,1039.83,
10/20/2011,1045.96,
10/21/2011,1048.5,
10/24/2011,1057.29,
10/25/2011,1046.75,
10/26/2011,1054.01,
10/27/2011,1068.67,
10/28/2011,1070.37,
10/31/2011,1060.53,
11/1/2011,1043.73,
11/2/2011,1054.45,
11/3/2011,1065.17,
11/4/2011,1063.5,
11/7/2011,1068.14,
11/8/2011,1074.09,
11/9/2011,1055.19,
11/10/2011,1063.37,
11/11/2011,1073.35,
11/14/2011,1072.34,
11/15/2011,1075.45,
11/16/2011,1071.6,
11/17/2011,1064.12,
11/18/2011,1069.24,
11/21/2011,1058.95,
11/22/2011,1057.95,
11/23/2011,1041.77,
11/25/2011,1043.59,
11/28/2011,1064.84,
11/29/2011,1067.93,
11/30/2011,1090.77,
12/1/2011,1090.99,
12/2/2011,1091.36,
12/5/2011,1095.98,
12/6/2011,1097.29,
12/7/2011,1097.52,
12/8/2011,1091.13,
12/9/2011,1100.78,
12/12/2011,1099.06,
12/13/2011,1097.66,
12/14/2011,1093.26,
12/15/2011,1099.24,
12/16/2011,1104.32,
12/19/2011,1098.6,
12/20/2011,1116.27,
12/21/2011,1119.01,
12/22/2011,1122.87,
12/23/2011,1126.73,
12/27/2011,1127.89,
12/28/2011,1123.43,
12/29/2011,1127.7,
12/30/2011,1126.54,
1/3/2012,1132.49,
1/4/2012,1133.75,
1/5/2012,1135.37,
1/6/2012,1135.75,
1/9/2012,1136.95,
1/10/2012,1137.67,
1/11/2012,1137.88,
1/12/2012,1138.35,
1/13/2012,1138.42,
1/17/2012,1138.56,
1/18/2012,1138.77,
1/19/2012,1138.93,
1/20/2012,1142.75,
1/23/2012,1144.21,
1/24/2012,1142.88,
1/25/2012,1147.93,
1/26/2012,1145.27,
1/27/2012,1145.49,
1/30/2012,1144.21,
1/31/2012,1145.01,
2/1/2012,1149.97,
2/2/2012,1151.56,
2/3/2012,1156.75,
2/6/2012,1156.66,
2/7/2012,1157.97,
2/8/2012,1158.37,
2/9/2012,1158.83,
2/10/2012,1156.88,
2/13/2012,1159.81,
2/14/2012,1160.03,
2/15/2012,1159.7,
2/16/2012,1160.63,
2/17/2012,1162.44,
2/21/2012,1164.02,
2/22/2012,1163.15,
2/23/2012,1166.59,
2/24/2012,1167.94,
2/27/2012,1168.82,
2/28/2012,1170.57,
2/29/2012,1168.92,
3/1/2012,1172.62,
3/2/2012,1172.28,
3/5/2012,1171.76,
3/6/2012,1161.79,
3/7/2012,1167.85,
3/8/2012,1173.25,
3/9/2012,1176.13,
3/12/2012,1177.62,
3/13/2012,1179.27,
3/14/2012,1179.54,
3/15/2012,1179.76,
3/16/2012,1180.15,
3/19/2012,1182.6,
3/20/2012,1181.49,
3/21/2012,1181.62,
3/22/2012,1176.83,
3/23/2012,1180.13,
3/26/2012,1187.37,
3/27/2012,1185.79,
3/28/2012,1184.34,
3/29/2012,1184,
3/30/2012,1186.61,
4/2/2012,1189.92,
4/3/2012,1189.11,
4/4/2012,1184.57,
4/5/2012,1184.83,
4/9/2012,1177.4,
4/10/2012,1161.01,
4/11/2012,1169.7,
4/12/2012,1183.1,
4/13/2012,1171.37,
4/16/2012,1173.31,
4/17/2012,1187.01,
4/18/2012,1184.96,
4/19/2012,1180.68,
4/20/2012,1180.92,
4/23/2012,1175.27,
4/24/2012,1179.28,
4/25/2012,1188.9,
4/26/2012,1192.2,
4/27/2012,1194.08,
4/30/2012,1192.39,
5/1/2012,1196.09,
5/2/2012,1195.18,
5/3/2012,1191.88,
5/4/2012,1181.22,
5/7/2012,1183.14,
5/8/2012,1180.54,
5/9/2012,1174.1,
5/10/2012,1178.24,
5/11/2012,1173.85,
5/14/2012,1163.16,
5/15/2012,1157.37,
5/16/2012,1152.46,
5/17/2012,1140.11,
5/18/2012,1133.91,
5/21/2012,1147.04,
5/22/2012,1147.75,
5/23/2012,1149.27,
5/24/2012,1151.11,
5/25/2012,1150.35,
5/29/2012,1157.77,
5/30/2012,1150.09,
5/31/2012,1150.05,
6/1/2012,1132.38,
6/4/2012,1134.53,
6/5/2012,1140.02,
6/6/2012,1157.57,
6/7/2012,1158.77,
6/8/2012,1162.93,
6/11/2012,1158.92,
6/12/2012,1165.35,
6/13/2012,1163.83,
6/14/2012,1168.3,
6/15/2012,1172.98,
6/18/2012,1177.25,
6/19/2012,1181.97,
6/20/2012,1182.96,
6/21/2012,1169.32,
6/22/2012,1177.35,
6/25/2012,1166.14,
6/26/2012,1170.05,
6/27/2012,1175.75,
6/28/2012,1174.54,
6/29/2012,1189.4,
7/2/2012,1190.94,
7/3/2012,1193.05,
7/5/2012,1192.47,
7/6/2012,1191.26,
7/9/2012,1190.69,
7/10/2012,1187.82,
7/11/2012,1188.14,
7/12/2012,1187.96,
7/13/2012,1195.77,
7/16/2012,1195.42,
7/17/2012,1197.49,
7/18/2012,1198.19,
7/19/2012,1198.48,
7/20/2012,1197.87,
7/23/2012,1191.18,
7/24/2012,1183.15,
7/25/2012,1183.42,
7/26/2012,1197.57,
7/27/2012,1207.12,
7/30/2012,1206.73,
7/31/2012,1204.41,
8/1/2012,1203.84,
8/2/2012,1200.67,
8/3/2012,1212.86,
8/6/2012,1214.2,
8/7/2012,1215.77,
8/8/2012,1216.42,
8/9/2012,1217.11,
8/10/2012,1217.4,
8/13/2012,1217.77,
8/14/2012,1217.93,
8/15/2012,1218.04,
8/16/2012,1218.25,
8/17/2012,1220.21,
8/20/2012,1220.53,
8/21/2012,1218.34,
8/22/2012,1218.48,
8/23/2012,1213.18,
8/24/2012,1218.26,
8/27/2012,1218.18,
8/28/2012,1218.1,
8/29/2012,1218.45,
8/30/2012,1213.34,
8/31/2012,1217.28,
9/4/2012,1217.03,
9/5/2012,1217.21,
9/6/2012,1229.72,
9/7/2012,1232.75,
9/10/2012,1230.44,
9/11/2012,1231.93,
9/12/2012,1233.02,
9/13/2012,1236.9,
9/14/2012,1237.47,
9/17/2012,1237.65,
9/18/2012,1237.99,
9/19/2012,1238.14,
9/20/2012,1238.17,
9/21/2012,1237.05,
9/24/2012,1236.29,
9/25/2012,1228.44,
9/26/2012,1223.25,
9/27/2012,1232.61,
9/28/2012,1228.58,
10/1/2012,1230.65,
10/2/2012,1232.54,
10/3/2012,1236.32,
10/4/2012,1240.27,
10/5/2012,1242.59,
10/8/2012,1240.88,
10/9/2012,1232.9,
10/10/2012,1227.29,
10/11/2012,1229.43,
10/12/2012,1224.8,
10/15/2012,1234.98,
10/16/2012,1245.41,
10/17/2012,1249.19,
10/18/2012,1249.67,
10/19/2012,1243.69,
10/22/2012,1244.67,
10/23/2012,1232.9,
10/24/2012,1229.39,
10/25/2012,1232.55,
10/26/2012,1231.9,
10/31/2012,1232.66,
11/1/2012,1244.35,
11/2/2012,1235.7,
11/5/2012,1237.81,
11/6/2012,1245.59,
11/7/2012,1222.36,
11/8/2012,1212.66,
11/9/2012,1212.62,
11/12/2012,1211.09,
11/13/2012,1206.92,
11/14/2012,1194.23,
11/15/2012,1186.85,
11/16/2012,1192.19,
11/19/2012,1202.88,
11/20/2012,1203.65,
11/21/2012,1204.15,
11/23/2012,1207.4,
11/26/2012,1207.55,
11/27/2012,1206.83,
11/28/2012,1208.45,
11/29/2012,1209.49,
11/30/2012,1208.95,
12/3/2012,1208.74,
12/4/2012,1208.69,
12/5/2012,1209.78,
12/6/2012,1210.21,
12/7/2012,1210.93,
12/10/2012,1211.55,
12/11/2012,1211.82,
12/12/2012,1211.87,
12/13/2012,1211.87,
12/14/2012,1211.6,
12/17/2012,1212.2,
12/18/2012,1212.43,
12/19/2012,1212.38,
12/20/2012,1212.5,
12/21/2012,1216.95,
12/24/2012,1215.83,
12/26/2012,1213.71,
12/27/2012,1212.81,
12/28/2012,1202.79,
12/31/2012,1218.24,
1/2/2013,1231.69,
1/3/2013,1232.12,
1/4/2013,1233.92,
1/7/2013,1234.21,
1/8/2013,1234,
1/9/2013,1234.52,
1/10/2013,1235.22,
1/11/2013,1235.22,
1/14/2013,1235.38,
1/15/2013,1235.67,
1/16/2013,1235.69,
1/17/2013,1235.82,
1/18/2013,1239.29,
1/22/2013,1242.23,
1/23/2013,1243.21,
1/24/2013,1243.46,
1/25/2013,1244.95,
1/28/2013,1244.79,
1/29/2013,1246.32,
1/30/2013,1245.01,
1/31/2013,1244.84,
2/1/2013,1248.45,
2/4/2013,1245.36,
2/5/2013,1248.8,
2/6/2013,1249.25,
2/7/2013,1249.31,
2/8/2013,1250.21,
2/11/2013,1250.55,
2/12/2013,1250.79,
2/13/2013,1250.9,
2/14/2013,1251.09,
2/15/2013,1250.72,
2/19/2013,1255.69,
2/20/2013,1246.49,
2/21/2013,1241.24,
2/22/2013,1249.2,
2/25/2013,1237.22,
2/26/2013,1239.89,
2/27/2013,1251.09,
2/28/2013,1250.35,
3/1/2013,1252.89,
3/4/2013,1257.57,
3/5/2013,1261.82,
3/6/2013,1262.86,
3/7/2013,1263.82,
3/8/2013,1264.93,
3/11/2013,1265.48,
3/12/2013,1265.28,
3/13/2013,1265.74,
3/14/2013,1265.91,
3/15/2013,1265.74,
3/18/2013,1261.26,
3/19/2013,1259.37,
3/20/2013,1265.35,
3/21/2013,1259.67,
3/22/2013,1263.54,
3/25/2013,1262.24,
3/26/2013,1268.58,
3/27/2013,1268.17,
3/28/2013,1270.52,
4/1/2013,1269.01,
4/2/2013,1272.31,
4/3/2013,1266.51,
4/4/2013,1269.15,
4/5/2013,1267.26,
4/8/2013,1272.21,
4/9/2013,1274.76,
4/10/2013,1278.16,
4/11/2013,1278.97,
4/12/2013,1278.93,
4/15/2013,1271.45,
4/16/2013,1278.41,
4/17/2013,1272.65,
4/18/2013,1270.43,
4/19/2013,1272.86,
4/22/2013,1276.16,
4/23/2013,1281.09,
4/24/2013,1281.18,
4/25/2013,1282.39,
4/26/2013,1282.54,
4/29/2013,1284.46,
4/30/2013,1285.2,
5/1/2013,1283.04,
5/2/2013,1285.84,
5/3/2013,1287.61,
5/6/2013,1288.21,
5/7/2013,1288.42,
5/8/2013,1288.53,
5/9/2013,1288.49,
5/10/2013,1288.62,
5/13/2013,1288.71,
5/14/2013,1288.78,
5/15/2013,1288.82,
5/16/2013,1288.87,
5/17/2013,1291.18,
5/20/2013,1291.26,
5/21/2013,1291.89,
5/22/2013,1286.92,
5/23/2013,1285.74,
5/24/2013,1285.42,
5/28/2013,1290.44,
5/29/2013,1286.22,
5/30/2013,1289.34,
5/31/2013,1278.01,
6/3/2013,1283.5,
6/4/2013,1279.04,
6/5/2013,1265.63,
6/6/2013,1275.1,
6/7/2013,1288.48,
6/10/2013,1288.72,
6/11/2013,1279.57,
6/12/2013,1270.37,
6/13/2013,1287.42,
6/14/2013,1281.34,
6/17/2013,1290.35,
6/18/2013,1296.98,
6/19/2013,1284.86,
6/20/2013,1254.16,
6/21/2013,1269.82,
6/24/2013,1261.93,
6/25/2013,1270.1,
6/26/2013,1277.31,
6/27/2013,1280.68,
6/28/2013,1278.81,
7/1/2013,1283.25,
7/2/2013,1283.86,
7/3/2013,1284.48,
7/5/2013,1289.6,
7/8/2013,1291.03,
7/9/2013,1292.54,
7/10/2013,1292.7,
7/11/2013,1293.29,
7/12/2013,1293.33,
7/15/2013,1293.62,
7/16/2013,1293.66,
7/17/2013,1293.69,
7/18/2013,1293.71,
7/19/2013,1295.16,
7/22/2013,1297.92,
7/23/2013,1297.15,
7/24/2013,1294.78,
7/25/2013,1297.03,
7/26/2013,1297.93,
7/29/2013,1296.26,
7/30/2013,1296.92,
7/31/2013,1297,
8/1/2013,1303.42,
8/2/2013,1305.83,
8/5/2013,1306.57,
8/6/2013,1304.24,
8/7/2013,1303.23,
8/8/2013,1305.6,
8/9/2013,1304.28,
8/12/2013,1305.34,
8/13/2013,1307.82,
8/14/2013,1306.43,
8/15/2013,1290.49,
8/16/2013,1285.89,
8/19/2013,1282.07,
8/20/2013,1285.5,
8/21/2013,1281.13,
8/22/2013,1288.07,
8/23/2013,1291.42,
8/26/2013,1289.53,
8/27/2013,1276.09,
8/28/2013,1279.64,
8/29/2013,1281.14,
8/30/2013,1278.74,
9/3/2013,1283.75,
9/4/2013,1291.29,
9/5/2013,1292.51,
9/6/2013,1293.18,
9/9/2013,1300.21,
9/10/2013,1304.19,
9/11/2013,1306.36,
9/12/2013,1305.69,
9/13/2013,1306.96,
9/16/2013,1308.17,
9/17/2013,1308.58,
9/18/2013,1309.04,
9/19/2013,1309.16,
9/20/2013,1306.43,
9/23/2013,1303.03,
9/24/2013,1301.69,
9/25/2013,1299.87,
9/26/2013,1302.62,
9/27/2013,1298.6,
9/30/2013,1292.9,
10/1/2013,1301.93,
10/2/2013,1300.2,
10/3/2013,1292.13,
10/4/2013,1300.12,
10/7/2013,1290.59,
10/8/2013,1276.51,
10/9/2013,1277.75,
10/10/2013,1303.61,
10/11/2013,1311.21,
10/14/2013,1314.81,
10/15/2013,1307.51,
10/16/2013,1323.38,
10/17/2013,1327.3,
10/18/2013,1328.36,
10/21/2013,1329.37,
10/22/2013,1332.04,
10/23/2013,1330.15,
10/24/2013,1332.2,
10/25/2013,1334.25,
10/28/2013,1335.57,
10/29/2013,1337.04,
10/30/2013,1335.73,
10/31/2013,1335.35,
11/1/2013,1337.13,
11/4/2013,1339.11,
11/5/2013,1338.33,
11/6/2013,1339.96,
11/7/2013,1336.02,
11/8/2013,1340.6,
11/11/2013,1341.21,
11/12/2013,1341.19,
11/13/2013,1341.75,
11/14/2013,1342.01,
11/15/2013,1343.35,
11/18/2013,1341.72,
11/19/2013,1340.63,
11/20/2013,1339.03,
11/21/2013,1344.92,
11/22/2013,1348.23,
11/25/2013,1348.28,
11/26/2013,1348.7,
11/27/2013,1350.07,
11/29/2013,1349.66,
12/2/2013,1348.53,
12/3/2013,1346.97,
12/4/2013,1346.48,
12/5/2013,1343.56,
12/6/2013,1351.73,
12/9/2013,1353.45,
12/10/2013,1352.31,
12/11/2013,1344.56,
12/12/2013,1342.71,
12/13/2013,1342.1,
12/16/2013,1348.79,
12/17/2013,1346.75,
12/18/2013,1358.05,
12/19/2013,1359.3,
12/20/2013,1358.87,
12/23/2013,1362.77,
12/24/2013,1364.67,
12/26/2013,1367.06,
12/27/2013,1367.18,
12/30/2013,1366.81,
12/31/2013,1367.79,
1/2/2014,1365.45,
1/3/2014,1366.59,
1/6/2014,1367.05,
1/7/2014,1370.01,
1/8/2014,1370.28,
1/9/2014,1370.96,
1/10/2014,1372.38,
1/13/2014,1367.68,
1/14/2014,1372.89,
1/15/2014,1373.63,
1/16/2014,1373.71,
1/17/2014,1371.57,
1/21/2014,1374.23,
1/22/2014,1375.25,
1/23/2014,1368.67,
1/24/2014,1346.46,
1/27/2014,1341.24,
1/28/2014,1349.03,
1/29/2014,1336.64,
1/30/2014,1350.21,
1/31/2014,1341.67,
2/3/2014,1312.84,
2/4/2014,1323.5,
2/5/2014,1321.31,
2/6/2014,1338.66,
2/7/2014,1354.88,
2/10/2014,1357.54,
2/11/2014,1370.92,
2/12/2014,1371.91,
2/13/2014,1378.19,
2/14/2014,1383.67,
2/18/2014,1385.8,
2/19/2014,1381.49,
2/20/2014,1388.64,
2/21/2014,1388.14,
2/24/2014,1392.24,
2/25/2014,1392.24,
2/26/2014,1392.7,
2/27/2014,1397.41,
2/28/2014,1397.18,
3/3/2014,1391.94,
3/4/2014,1401.05,
3/5/2014,1401.89,
3/6/2014,1402.43,
3/7/2014,1402.66,
3/10/2014,1403.81,
3/11/2014,1402.93,
3/12/2014,1403.59,
3/13/2014,1397.05,
3/14/2014,1392.99,
3/17/2014,1403.86,
3/18/2014,1406.87,
3/19/2014,1406.77,
3/20/2014,1407.75,
3/21/2014,1400.91,
3/24/2014,1397.88,
3/25/2014,1403.72,
3/26/2014,1396.29,
3/27/2014,1394.48,
3/28/2014,1399.21,
3/31/2014,1407.86,
4/1/2014,1413.47,
4/2/2014,1415.7,
4/3/2014,1415.25,
4/4/2014,1406.99,
4/7/2014,1395.52,
4/8/2014,1400.94,
4/9/2014,1412.87,
4/10/2014,1387.75,
4/11/2014,1376.35,
4/14/2014,1387,
4/15/2014,1396.32,
4/16/2014,1411.18,
4/17/2014,1409.74,
4/21/2014,1412.59,
4/22/2014,1415.01,
4/23/2014,1414.7,
4/24/2014,1417.27,
4/25/2014,1410.87,
4/28/2014,1414.13,
4/29/2014,1416.32,
4/30/2014,1419.05,
5/1/2014,1420.01,
5/2/2014,1420.66,
5/5/2014,1422.12,
5/6/2014,1417.9,
5/7/2014,1421.55,
5/8/2014,1421.74,
5/9/2014,1424.36,
5/12/2014,1426.87,
5/13/2014,1427.16,
5/14/2014,1427.11,
5/15/2014,1426.47,
5/16/2014,1429.6,
5/19/2014,1432.55,
5/20/2014,1429.29,
5/21/2014,1434.41,
5/22/2014,1435.62,
5/23/2014,1438.45,
5/27/2014,1440.78,
5/28/2014,1441.21,
5/29/2014,1442.53,
5/30/2014,1443.34,
6/2/2014,1443.87,
6/3/2014,1443.83,
6/4/2014,1443.99,
6/5/2014,1445.05,
6/6/2014,1445.75,
6/9/2014,1445.79,
6/10/2014,1445.87,
6/11/2014,1445.89,
6/12/2014,1445.43,
6/13/2014,1445.6,
6/16/2014,1446.07,
6/17/2014,1446.01,
6/18/2014,1446.31,
6/19/2014,1446.36,
6/20/2014,1445.81,
6/23/2014,1446.64,
6/24/2014,1441.2,
6/25/2014,1445.74,
6/26/2014,1445.08,
6/27/2014,1447.27,
6/30/2014,1447.72,
7/1/2014,1452.41,
7/2/2014,1453.05,
7/3/2014,1455.69,
7/7/2014,1454.58,
7/8/2014,1450.89,
7/9/2014,1454.5,
7/10/2014,1452.46,
7/11/2014,1454.25,
7/14/2014,1457.3,
7/15/2014,1457.23,
7/16/2014,1458.62,
7/17/2014,1454.85,
7/18/2014,1460.51,
7/21/2014,1459.77,
7/22/2014,1463.21,
7/23/2014,1464.49,
7/24/2014,1464.94,
7/25/2014,1462.2,
7/28/2014,1463.33,
7/29/2014,1460.75,
7/30/2014,1461.09,
7/31/2014,1439.72,
8/1/2014,1437.1,
8/4/2014,1448.29,
8/5/2014,1434.15,
8/6/2014,1435.42,
8/7/2014,1427.94,
8/8/2014,1444.14,
8/11/2014,1448.52,
8/12/2014,1446.84,
8/13/2014,1456.98,
8/14/2014,1463.34,
8/15/2014,1475.46,
8/18/2014,1481.83,
8/19/2014,1484.71,
8/20/2014,1485.78,
8/21/2014,1487.13,
8/22/2014,1486.97,
8/25/2014,1489.35,
8/26/2014,1489.93,
8/27/2014,1490.05,
8/28/2014,1489.89,
8/29/2014,1490.81,
9/2/2014,1491.74,
9/3/2014,1491.78,
9/4/2014,1491.09,
9/5/2014,1492.59,
9/8/2014,1492.63,
9/9/2014,1490.9,
9/10/2014,1492.55,
9/11/2014,1493.13,
9/12/2014,1491.83,
9/15/2014,1492.21,
9/16/2014,1494.29,
9/17/2014,1494.63,
9/18/2014,1494.94,
9/19/2014,1494.31,
9/22/2014,1486.81,
9/23/2014,1480.47,
9/24/2014,1489.62,
9/25/2014,1470.76,
9/26/2014,1481.26,
9/29/2014,1478.72,
9/30/2014,1475.94,
10/1/2014,1457.71,
10/2/2014,1457.94,
10/3/2014,1473.84,
10/6/2014,1472.2,
10/7/2014,1450.33,
10/8/2014,1475.09,
10/9/2014,1445.12,
10/10/2014,1429.86,
10/13/2014,1406.27,
10/14/2014,1410.62,
10/15/2014,1399.67,
10/16/2014,1397.2,
10/17/2014,1406.55,
10/20/2014,1415.89,
10/21/2014,1426.72,
10/22/2014,1422.33,
10/23/2014,1428.66,
10/24/2014,1431.37,
10/27/2014,1432.02,
10/28/2014,1435.83,
10/29/2014,1436.03,
10/30/2014,1437.25,
10/31/2014,1438.72,
11/3/2014,1439.04,
11/4/2014,1438.8,
11/5/2014,1439.66,
11/6/2014,1439.94,
11/7/2014,1440.27,
11/10/2014,1440.44,
11/11/2014,1440.31,
11/12/2014,1440.33,
11/13/2014,1440.48,
11/14/2014,1440.54,
11/17/2014,1440.72,
11/18/2014,1440.79,
11/19/2014,1440.81,
11/20/2014,1440.85,
11/21/2014,1440.81,
11/24/2014,1444.17,
11/25/2014,1444.17,
11/26/2014,1446.07,
11/28/2014,1443.43,
12/1/2014,1438.34,
12/2/2014,1444.42,
12/3/2014,1447.77,
12/4/2014,1447.31,
12/5/2014,1448.48,
12/8/2014,1444.8,
12/9/2014,1444.49,
12/10/2014,1425.7,
12/11/2014,1432.23,
12/12/2014,1413.52,
12/15/2014,1404.06,
12/16/2014,1393.04,
12/17/2014,1421.46,
12/18/2014,1453.25,
12/19/2014,1456.61,
12/22/2014,1460.04,
12/23/2014,1461.76,
12/24/2014,1462.44,
12/26/2014,1464.83,
12/29/2014,1465.97,
12/30/2014,1463.65,
12/31/2014,1455.01,
1/2/2015,1457.29,
1/5/2015,1440.47,
1/6/2015,1428.57,
1/7/2015,1444.08,
1/8/2015,1462.76,
1/9/2015,1456.97,
1/12/2015,1447.94,
1/13/2015,1444.29,
1/14/2015,1436.47,
1/15/2015,1423.43,
1/16/2015,1429,
1/20/2015,1431.62,
1/21/2015,1436.32,
1/22/2015,1445.02,
1/23/2015,1443.38,
1/26/2015,1446.4,
1/27/2015,1439.08,
1/28/2015,1430.17,
1/29/2015,1437.27,
1/30/2015,1426.89,
2/2/2015,1438.94,
2/3/2015,1447.46,
2/4/2015,1446.11,
2/5/2015,1450.37,
2/6/2015,1449.61,
2/9/2015,1449.68,
2/10/2015,1453.39,
2/11/2015,1453.92,
2/12/2015,1455.36,
2/13/2015,1455.81,
2/17/2015,1455.91,
2/18/2015,1456,
2/19/2015,1456.03,
2/20/2015,1461.56,
2/23/2015,1462.45,
2/24/2015,1465.63,
2/25/2015,1465.45,
2/26/2015,1465.24,
2/27/2015,1464.5,
3/2/2015,1468.46,
3/3/2015,1466.02,
3/4/2015,1464.33,
3/5/2015,1465.25,
3/6/2015,1454.09,
3/9/2015,1459.92,
3/10/2015,1442.5,
3/11/2015,1439.43,
3/12/2015,1454.69,
3/13/2015,1449,
3/16/2015,1463.67,
3/17/2015,1461.16,
3/18/2015,1473.17,
3/19/2015,1472.78,
3/20/2015,1475.92,
3/23/2015,1475.57,
3/24/2015,1470.96,
3/25/2015,1455.29,
3/26/2015,1452.63,
3/27/2015,1456.39,
3/30/2015,1470.29,
3/31/2015,1461.32,
4/1/2015,1456.93,
4/2/2015,1462.39,
4/6/2015,1470.44,
4/7/2015,1468.74,
4/8/2015,1472.5,
4/9/2015,1478.74,
4/10/2015,1484.91,
4/13/2015,1481.4,
4/14/2015,1483.92,
4/15/2015,1489.84,
4/16/2015,1490.77,
4/17/2015,1482.58,
4/20/2015,1490.03,
4/21/2015,1489.85,
4/22/2015,1492.82,
4/23/2015,1494.55,
4/24/2015,1495.93,
4/27/2015,1494.23,
4/28/2015,1496.4,
4/29/2015,1494.92,
4/30/2015,1488.12,
5/1/2015,1496.44,
5/4/2015,1499.01,
5/5/2015,1492.07,
5/6/2015,1489.36,
5/7/2015,1492.79,
5/8/2015,1501.58,
5/11/2015,1500.89,
5/12/2015,1500.21,
5/13/2015,1501.8,
5/14/2015,1503.46,
5/15/2015,1505.36,
05/18/2015, 1507.95
05/19/2015, 1508.24
05/20/2015, 1508.10
05/21/2015, 1510.51
05/22/2015, 1509.97
05/26/2015, 1501.58
05/27/2015, 1510.01
05/28/2015, 1509.15
05/29/2015, 1504.36
06/01/2015, 1506.70
06/02/2015, 1506.20
06/03/2015, 1509.15
06/04/2015, 1500.62
06/05/2015, 1500.33
06/08/2015, 1493.74
06/09/2015, 1494.03
06/10/2015, 1509.26
06/11/2015, 1512.32
06/12/2015, 1504.98
06/15/2015, 1499.04
06/16/2015, 1507.32
06/17/2015, 1511.42
06/18/2015, 1524.02
06/19/2015, 1520.46
06/22/2015, 1527.39
06/23/2015, 1529.18
06/24/2015, 1523.49
06/25/2015, 1520.21
06/26/2015, 1520.57
06/29/2015, 1495.44
06/30/2015, 1499.74
07/01/2015, 1509.27
07/02/2015, 1509.41
07/06/2015, 1506.39
07/07/2015, 1515.22
07/08/2015, 1491.94
07/09/2015, 1495.77
07/10/2015, 1513.06
07/13/2015, 1529.52
07/14/2015, 1535.65
07/15/2015, 1535.47
07/16/2015, 1542.90
07/17/2015, 1544.51
07/20/2015, 1545.66
07/21/2015, 1543.08
07/22/2015, 1542.49
07/23/2015, 1537.22
07/24/2015, 1525.52
07/27/2015, 1517.97
07/28/2015, 1534.05
07/29/2015, 1542.64
07/30/2015, 1542.71
07/31/2015, 1542.49
08/03/2015, 1539.29
08/04/2015, 1537.74
08/05/2015, 1541.87
08/06/2015, 1532.39
08/07/2015, 1529.15
08/10/2015, 1546.33
08/11/2015, 1534.57
08/12/2015, 1535.90
08/13/2015, 1535.38
08/14/2015, 1541.10
08/17/2015, 1549.18
08/18/2015, 1546.01
08/19/2015, 1534.72
08/20/2015, 1502.67
08/21/2015, 1473.97
08/24/2015, 1425.31
08/25/2015, 1413.29
08/26/2015, 1460.44
08/27/2015, 1483.90
08/28/2015, 1485.34
08/31/2015, 1480.29
09/01/2015, 1447.90
09/02/2015, 1472.31
09/03/2015, 1474.17
09/04/2015, 1455.92
09/08/2015, 1487.18
09/09/2015, 1471.86
09/10/2015, 1478.51
09/11/2015, 1486.31
09/14/2015, 1482.28
09/15/2015, 1499.05
09/16/2015, 1507.79
09/17/2015, 1512.05
09/18/2015, 1490.31
09/21/2015, 1497.69
09/22/2015, 1486.13
09/23/2015, 1486.56
09/24/2015, 1482.91
09/25/2015, 1483.26
09/28/2015, 1452.51
09/29/2015, 1455.27
09/30/2015, 1477.68
10/01/2015, 1482.30
10/02/2015, 1498.39
10/05/2015, 1514.76
10/06/2015, 1513.99
10/07/2015, 1520.35
10/08/2015, 1523.88
10/09/2015, 1525.97
10/12/2015, 1526.81
10/13/2015, 1526.21
10/14/2015, 1526.29
10/15/2015, 1527.86
10/16/2015, 1529.69
10/19/2015, 1532.84
10/20/2015, 1531.46
10/21/2015, 1526.39
10/22/2015, 1538.25
10/23/2015, 1543.78
10/26/2015, 1542.52
10/27/2015, 1541.60
10/28/2015, 1546.98
10/29/2015, 1546.94
10/30/2015, 1545.36
11/02/2015, 1550.51
11/03/2015, 1550.94
11/04/2015, 1550.17
11/05/2015, 1550.63
